run,seed,file,size_bytes,sha256
ablation_fosmix_fullmix_s42,42,best_ablation_fosmix_fullmix_s42.pth,157428928,da9386594722b0798ad056d9e30dfd7ab4478ca6ac54475f614e2b7b4395e694
ablation_fosmix_fullmix_s43,43,best_ablation_fosmix_fullmix_s43.pth,157428928,ea1162f3293c35c50e726a5683a66834b1feb3f867138b9d26a4f3073c0d7378
ablation_fosmix_fullmix_s44,44,best_ablation_fosmix_fullmix_s44.pth,157428928,75b6b1394dcd067fe9bc0fefff1df1d41d727bb43e52b4d77ed9998b0052ea10
ablation_fosmix_fullmix_s45,45,best_ablation_fosmix_fullmix_s45.pth,157428928,b798d08fbd4e0e300db9a4a50db5942a46c25a398341f613ebb4b481e443b1d0
ablation_fosmix_fullmix_s46,46,best_ablation_fosmix_fullmix_s46.pth,157428928,19f354ded623034c2e9228443704868c203d6faeb994a8b05f147fea1c7d697e
ablation_fosmix_nocons_s42,42,best_ablation_fosmix_nocons_s42.pth,157428433,2051e09181552cd9c4e0b4f5bfababe8a6f16c950a6cf8952802c44f5b0da9c4
ablation_fosmix_nocons_s43,43,best_ablation_fosmix_nocons_s43.pth,157428497,f173cc6c6460fddd9b601490612b05af59a6c26ff91a97f375dbec414df935f1
ablation_fosmix_nocons_s44,44,best_ablation_fosmix_nocons_s44.pth,157428497,e2ff6efda5517e98cf76cc1579b959c1854e1c7706cb5226832cb4732b17c378
ablation_fosmix_nocons_s45,45,best_ablation_fosmix_nocons_s45.pth,157428433,e75e82f87b9e4a86fb719c12b20117081ff59c8c272b3ae922571eccaa1989ef
ablation_fosmix_nocons_s46,46,best_ablation_fosmix_nocons_s46.pth,157428433,ed8b47870b76b67a34e43d3e4c3a89361114515e81d444889f6ee8e5bac505fb
deeplabv3_baseline_s42,42,best_deeplabv3_baseline_s42.pth,168365383,cb1de04ad515940ddd971ad857a85d0ef60770bdadf2bff3204ed2c413bb3741
deeplabv3_baseline_s43,43,best_deeplabv3_baseline_s43.pth,168365383,8354cc75667bb2dddebae3f7ede50d913596baf8476ca77716d61e5b344e65fb
deeplabv3_baseline_s44,44,best_deeplabv3_baseline_s44.pth,168365383,caffe7e6a2cff6f958c8d871e341f9c8b11695e67715b4a38614fbd4d1c8ea98
deeplabv3_baseline_s45,45,best_deeplabv3_baseline_s45.pth,168365383,0a13c9a8b1e053073a922f9a2ba3feb6778b810dd89471a83cfe243c90b33fa1
deeplabv3_baseline_s46,46,best_deeplabv3_baseline_s46.pth,168365383,d0072e97682e886d4469dad423c68adcd5ddf53c13c4054b24b2aab04ebc2fe4
lodo_dunedin_basic_s42,42,best_sam2_lodo_dunedin_basic.pth,157426308,96cecb5041d01f97e33cd7d5fa94802283c2344684a4190c0369f680c6ba8bae
lodo_dunedin_basic_s43,43,best_lodo_dunedin_basic_s43.pth,157426197,4dc44690274f584b6296f1c40dcdc4814f355350dc97414f0a0d69a33a668cb5
lodo_dunedin_basic_s44,44,best_lodo_dunedin_basic_s44.pth,157426197,4508c7870a1860a4bb7da74c494cbd9fac1b033317e9840dc18a8c4f252134c0
lodo_dunedin_basic_s45,45,best_lodo_dunedin_basic_s45.pth,157426261,17fdee241fdaefd67e747eff61f51daa7daa174b82d2b71362740ce22ae39e18
lodo_dunedin_basic_s46,46,best_lodo_dunedin_basic_s46.pth,157426261,fe08f8d9b5a06131f376e5a3ffa57ff748f03c82a7a64a70427c571004df8c52
lodo_dunedin_fosmix_mixstyle_s42,42,best_lodo_dunedin_fosmix_mixstyle_s42.pth,157431467,6c72986c48dcdd24b24ad40a6774eac0713fbd2f5344a486b5be93f2b85ad2c1
lodo_dunedin_fosmix_mixstyle_s43,43,best_lodo_dunedin_fosmix_mixstyle_s43.pth,157431531,acbac69887e75085d8b6a0384c6c8e58f004e42bd7cc05b7395e5bfafc2a5d19
lodo_dunedin_fosmix_mixstyle_s44,44,best_lodo_dunedin_fosmix_mixstyle_s44.pth,157431467,573b3e107e2a34622b1a5f6a0d7905f4e2f91f757f77025a6e5497206225caff
lodo_dunedin_fosmix_mixstyle_s45,45,best_lodo_dunedin_fosmix_mixstyle_s45.pth,157431467,756112da257bc7e3c9e34551a50f15702cfefc34a9b83cfdc7f4a853a63d1275
lodo_dunedin_fosmix_mixstyle_s46,46,best_lodo_dunedin_fosmix_mixstyle_s46.pth,157431467,aa159d0a4964e733b47ea77eea28e322ecf1339e47c490e23cdcb4869bbe36da
lodo_dunedin_fosmix_s42,42,best_sam2_lodo_dunedin_fosmix.pth,157426995,e3caae05a1f0865e119defc4e384a95c80cfe8f47e0ea8d07f81c916e962264b
lodo_dunedin_fosmix_s43,43,best_lodo_dunedin_fosmix_s43.pth,157426884,601eebe9ee97d2a1f0bd414b3cbf86d91c695fea08b9eefe742abaa3f6d5c002
lodo_dunedin_fosmix_s44,44,best_lodo_dunedin_fosmix_s44.pth,157426820,31b8634864f67d1e4b2ecaf3add54c0fc7167d6dcbb9a8f051ee5ad56e44a2e0
lodo_dunedin_fosmix_s45,45,best_lodo_dunedin_fosmix_s45.pth,157426884,d097fe3101858945716af020b46c6486b53d18ba6f76b17832dc09459b3c5ded
lodo_dunedin_fosmix_s46,46,best_lodo_dunedin_fosmix_s46.pth,157426948,b61071ac71577ce67c591a1a40d99aa050daef5172ddd0d218fa57c866e6ba88
lodo_dunedin_mixstyle_s42,42,best_lodo_dunedin_mixstyle.pth,157425382,94224a242cce336f4d00d890d1f33dc06c77a775027df32c949e7e34d6eb3174
lodo_dunedin_mixstyle_s43,43,best_lodo_dunedin_mixstyle_s43.pth,157427746,0fc59448c0f3641f84d522f0d56d60f7ffa2c005e9e0ad889c771a26baa8da25
lodo_dunedin_mixstyle_s44,44,best_lodo_dunedin_mixstyle_s44.pth,157427746,9eab7d6b3e35c55f322ad52219f924783f948f1ed538635a1baab429de7c20a8
lodo_dunedin_mixstyle_s45,45,best_lodo_dunedin_mixstyle_s45.pth,157427746,4ba5dff44cfa29d3275c301f0ff2fa0fe7f406f300a7d2518d8661ab92359d84
lodo_dunedin_mixstyle_s46,46,best_lodo_dunedin_mixstyle_s46.pth,157427746,52d2333963c00f5e653e8cef7ecfa9701c95a0dd0a6a157ceaddbe1f369b495d
lodo_khartoum_basic_s42,42,best_sam2_lodo_khartoum_basic.pth,157426803,f45db92f6e0c1249c8319174f95bd89cad9071ede8e3e566567cb71f5c6913a5
lodo_khartoum_basic_s43,43,best_lodo_khartoum_basic_s43.pth,157426692,8f156299f98dda8a36047c6e400bf7f80bde68846a30f183b974b05e6840f560
lodo_khartoum_basic_s44,44,best_lodo_khartoum_basic_s44.pth,157426692,6413caf1db262709c0f2054f20c9926615e691e9f495db29a3872aa2c3feaac1
lodo_khartoum_basic_s45,45,best_lodo_khartoum_basic_s45.pth,157426756,70d68f32c5f38cbe3b4ee7518cd7fea79cd6f30838d81c03d5d57990052e9d0f
lodo_khartoum_basic_s46,46,best_lodo_khartoum_basic_s46.pth,157426820,a0ddf09c89cead3da11e221998344a70ccb313816e7b822f4ac1e14df0400418
lodo_khartoum_fosmix_mixstyle_s42,42,best_lodo_khartoum_fosmix_mixstyle_s42.pth,157431962,800a4d580b73432b5ac44bb19ba5ffc023db5d298de11ed5d8fbfd7a9c3ba885
lodo_khartoum_fosmix_mixstyle_s43,43,best_lodo_khartoum_fosmix_mixstyle_s43.pth,157431962,e79b5389dd7026828eb14f119e330f9348af90e77edb41761f7f967fc6b3a9bb
lodo_khartoum_fosmix_mixstyle_s44,44,best_lodo_khartoum_fosmix_mixstyle_s44.pth,157431962,b5bc59b6d21bfae19ba05bfb287842285ecc12985f2f5b44f91e20c00ba3c5c1
lodo_khartoum_fosmix_mixstyle_s45,45,best_lodo_khartoum_fosmix_mixstyle_s45.pth,157431962,200df637cb693473f543684202083903d4239067c832b09909b14fc7508ebeb5
lodo_khartoum_fosmix_mixstyle_s46,46,best_lodo_khartoum_fosmix_mixstyle_s46.pth,157431962,9cbbbcca7f18bbea24ea2b59991bd189a7c9867fbd7a81e0d6a268c92b6685c0
lodo_khartoum_fosmix_s42,42,best_sam2_lodo_khartoum_fosmix.pth,157427938,e33a28921bc6f8faa707c1e821a993243eeb3549b983d1a9ccd7a9252e6ff896
lodo_khartoum_fosmix_s43,43,best_lodo_khartoum_fosmix_s43.pth,157427379,f117f436fe604fee2a9c8849f5d103a5fa44ed7dff8d723babc134f4326ab255
lodo_khartoum_fosmix_s44,44,best_lodo_khartoum_fosmix_s44.pth,157427443,35f92ba19cee9e6cad004dca23f0b00bd17043333389e5d230bcb226091393ce
lodo_khartoum_fosmix_s45,45,best_lodo_khartoum_fosmix_s45.pth,157427443,a344214853e4db035fbae8d7251f4bcf281e1adc6b969c14d8b88d7f3210a975
lodo_khartoum_fosmix_s46,46,best_lodo_khartoum_fosmix_s46.pth,157427379,47fe1e57298e8ae6d67539f132eafe03e360270d00a19b36665570af364896cc
lodo_khartoum_mixstyle_s42,42,best_lodo_khartoum_mixstyle.pth,157426261,586eefbb3e6846a296eadc3f618121d18e5df3186840082f2fbac8b0eb9a3106
lodo_khartoum_mixstyle_s43,43,best_lodo_khartoum_mixstyle_s43.pth,157428241,e3e5f4c5ab3aab2e8b7fc68015d88ddae02ca9780e0f10d9d093dec793631a8c
lodo_khartoum_mixstyle_s44,44,best_lodo_khartoum_mixstyle_s44.pth,157428241,b7fa2eabc59419d9daad711a0c42f2428f0262bb25f43d24be54cf4a78d7438d
lodo_khartoum_mixstyle_s45,45,best_lodo_khartoum_mixstyle_s45.pth,157428241,c427b3830e6ac4e5aa8f75fc47aef1c3334dfe781e860c2d83d0654d4f447ea2
lodo_khartoum_mixstyle_s46,46,best_lodo_khartoum_mixstyle_s46.pth,157428241,9a7c8ab8b07db2e76315fd367d872974aa4a87d0fb4ebbce0e0ad960d8ba55cd
lodo_potsdam_basic_s42,42,best_sam2_lodo_potsdam_basic.pth,157426372,3ed61892ffd7b0edd5b7a16fb5a2b990ef17ba2fe628d222213ac514b78c6fcf
lodo_potsdam_basic_s43,43,best_lodo_potsdam_basic_s43.pth,157426197,87bdc381ba1a6efe445ee39e3fa147bf2b84754995f5f25984ecc7f01e940e94
lodo_potsdam_basic_s44,44,best_lodo_potsdam_basic_s44.pth,157426197,4a9d477d6c34dbd89efdbec299fb8cfcbe9de27edd6e6cf1a324fb7b0b14b4ee
lodo_potsdam_basic_s45,45,best_lodo_potsdam_basic_s45.pth,157426261,fee9c94404cf7ba902725ad66ac93264d1cfea975d39d2142a8070b4988d3f5a
lodo_potsdam_basic_s46,46,best_lodo_potsdam_basic_s46.pth,157426261,e1a84a865344f988310ac6631df3f4925872582babdf1289768714a4dd09ee93
lodo_potsdam_fosmix_mixstyle_s42,42,best_lodo_potsdam_fosmix_mixstyle_s42.pth,157431467,dff783afb32bbdaaf889a4d541d6683ac524677d5d1759ba88cb42c424060183
lodo_potsdam_fosmix_mixstyle_s43,43,best_lodo_potsdam_fosmix_mixstyle_s43.pth,157431467,6eee1b7d365c695916a7e2a1ecba772c0a56a0a42fa1283e6126c82b8f6c93a0
lodo_potsdam_fosmix_mixstyle_s44,44,best_lodo_potsdam_fosmix_mixstyle_s44.pth,157431467,a07d01344d6891d88b2501ec3404be4df2b53496b42a31cb07079a3aa224343c
lodo_potsdam_fosmix_mixstyle_s45,45,best_lodo_potsdam_fosmix_mixstyle_s45.pth,157431467,09bda9a368c2dd5857828066c41469b1610b7441a15aa49011238828bac0e0af
lodo_potsdam_fosmix_mixstyle_s46,46,best_lodo_potsdam_fosmix_mixstyle_s46.pth,157431467,8f38149c3118ed622ea271a72f8f4357f11bfd4f8898324c8c91a53b7a91d6d3
lodo_potsdam_fosmix_s42,42,best_lodo_potsdam_fosmix.pth,157424904,cdac72f737ead2f1b60a24f64ab061b81d0238fa8f38bb268c91f69e556cf581
lodo_potsdam_fosmix_s43,43,best_lodo_potsdam_fosmix_s43.pth,157426884,8e886c01258fecffc1d875e862612b2bff0c3ae7fa45e5a2553c61d0c9b27bce
lodo_potsdam_fosmix_s44,44,best_lodo_potsdam_fosmix_s44.pth,157426948,93b807badd2c03d21d782a6ddd5428aad5dca23f4e45008c748132f816cf59de
lodo_potsdam_fosmix_s45,45,best_lodo_potsdam_fosmix_s45.pth,157426884,ce209269b8d64e13a95be90d22772215210fe6c0336f1440d13372ba0ed042c7
lodo_potsdam_fosmix_s46,46,best_lodo_potsdam_fosmix_s46.pth,157426884,d31f165a206ded25b997b24fe86351c921602c517681c945c1ace6f3fab34841
lodo_potsdam_mixstyle_s42,42,best_lodo_potsdam_mixstyle.pth,157425766,52141945d08d94a9afe7c74dc8d1c39d09101583649a7e71bba1c2f625eeed25
lodo_potsdam_mixstyle_s43,43,best_lodo_potsdam_mixstyle_s43.pth,157427746,eefd02acc723750a7312faa6ec40ee87eef731b31958a5b4b9b8219c5f97a9f1
lodo_potsdam_mixstyle_s44,44,best_lodo_potsdam_mixstyle_s44.pth,157427746,fd9678cf84e8160420fa7636d12b9a7caf0e463892b6e4e07da784e79f2dacb0
lodo_potsdam_mixstyle_s45,45,best_lodo_potsdam_mixstyle_s45.pth,157427746,a5aa6d3f1b47ea95920e66ca14df93feb2c48967b905f09cd74191f7cac6321e
lodo_potsdam_mixstyle_s46,46,best_lodo_potsdam_mixstyle_s46.pth,157427746,eac74f9968c12398fc73698e24a5ccbee1cf2e8cbcebcf42dac9f7c1b78bbf16
lodo_wuxi_basic_s42,42,best_lodo_wuxi_basic.pth,157422348,3b0c525a6372a68bbb7a11f66e18dda1287aecd35194634aa7daa219a29c3319
lodo_wuxi_basic_s43,43,best_lodo_wuxi_basic_s43.pth,157424712,d3d07c648f2db5fac60ae58f754cb3dcd248d01d1109f015b8d7e5174bbd969c
lodo_wuxi_basic_s44,44,best_lodo_wuxi_basic_s44.pth,157424648,fe09a2e1c8845b95aa5d9401cd8fc3a8d4cffcdfb12da33289dcf50685db05f1
lodo_wuxi_basic_s45,45,best_lodo_wuxi_basic_s45.pth,157424712,2ee46a43268177d4cb16ef76f4f0cd39f9fccaed57d90bce95b8ad8ef5cca17c
lodo_wuxi_basic_s46,46,best_lodo_wuxi_basic_s46.pth,157424712,daed6e5e48abfd2dfe6ea325c7138782acbf7a3c911430e6fdcd643e6b5839c7
lodo_wuxi_fosmix_mixstyle_s42,42,best_lodo_wuxi_fosmix_mixstyle_s42.pth,157429982,e07af02d52d41a773a57e15665c7e176b35a0a3cda58a5e98d9177405fd22782
lodo_wuxi_fosmix_mixstyle_s43,43,best_lodo_wuxi_fosmix_mixstyle_s43.pth,157429982,83d19c9f1526aeedbedcd942321f8a92cfcf1db979722d5e51bf47e03aa85a13
lodo_wuxi_fosmix_mixstyle_s44,44,best_lodo_wuxi_fosmix_mixstyle_s44.pth,157429982,5b98c5f99dcfbc8038c5eca3b77ebf28044ce6dd26f8da5b9e072a6f2f054674
lodo_wuxi_fosmix_mixstyle_s45,45,best_lodo_wuxi_fosmix_mixstyle_s45.pth,157429854,8a1d2dc4668394a902d421a6a519bf5105008757a416f7aeb21802143b358989
lodo_wuxi_fosmix_mixstyle_s46,46,best_lodo_wuxi_fosmix_mixstyle_s46.pth,157429982,c77f16ccc62102dc68232ee1e1fae32542bac63f5144d542809c0387b78cef7e
lodo_wuxi_fosmix_s42,42,best_lodo_wuxi_fosmix.pth,157422971,6a489f0546e1ad1cbcba7b5e99ebd1bd5af4a148c32f5b1f3d30d8cdcf88bafb
lodo_wuxi_fosmix_s43,43,best_lodo_wuxi_fosmix_s43.pth,157425399,affa157bea174f9a39508ba10cf4f6c2658f8f1cf02e6deb84b9cbf197159efc
lodo_wuxi_fosmix_s44,44,best_lodo_wuxi_fosmix_s44.pth,157425271,ab10e9d891eb52076b19f5dbdab10a3255baa242b97033e9042ae7cd01f22b98
lodo_wuxi_fosmix_s45,45,best_lodo_wuxi_fosmix_s45.pth,157425399,06aaa8aa6aeda045d2e2aa3e56799a94a615869c68f845dc2576100794b58cb2
lodo_wuxi_fosmix_s46,46,best_lodo_wuxi_fosmix_s46.pth,157425399,45c169b29161e1630d6e9dfc48daa49be5b8a8bb5e0dc82ac05ccd85f4b03d38
lodo_wuxi_mixstyle_s42,42,best_lodo_wuxi_mixstyle.pth,157424281,d853cbf9326c32d291a7267d54dccc530f9dfffaf0e0219cc72633f5f0487271
lodo_wuxi_mixstyle_s43,43,best_lodo_wuxi_mixstyle_s43.pth,157426261,5a1853e5f990843fb19ce4596abfd9ff9636084565b9538cd3c90cdfb1d4f4b8
lodo_wuxi_mixstyle_s44,44,best_lodo_wuxi_mixstyle_s44.pth,157426261,a74efad12a62d8f765c645a32ee14e6b8fc8d9d7b72f554964f8dcc9359b6510
lodo_wuxi_mixstyle_s45,45,best_lodo_wuxi_mixstyle_s45.pth,157426261,8338cd1dba829ca99015f79d0273272ee834542cd94344be16531770d9fc63d8
lodo_wuxi_mixstyle_s46,46,best_lodo_wuxi_mixstyle_s46.pth,157426261,01ba8e68be59335b0acb0b3a84fb660389eb3ef35d110d83f0c33f585a0239e7
sam2_whu_4city_800_20ep_basic60_s42,42,best_sam2_whu_4city_800_20ep_basic60_s42.pth,157432696,f34180d0b653aec094f55cddf9bd1f19c0a44c3ee289f95f8cf8fd3ae092e811
sam2_whu_4city_800_20ep_basic60_s43,43,best_sam2_whu_4city_800_20ep_basic60_s43.pth,157432824,180a24af8fc4c23e04380fa4b624c33cc8b5272ab0cca55010aba2cf4c7360f2
sam2_whu_4city_800_20ep_basic60_s44,44,best_sam2_whu_4city_800_20ep_basic60_s44.pth,157432696,411064d5d8e186464b8342f6f8e1925b94403c89b9d50818879910f47fccfdf9
sam2_whu_4city_800_20ep_basic60_s45,45,best_sam2_whu_4city_800_20ep_basic60_s45.pth,157432696,b54ecc150ddfa4e80363fa2b4966f641f4d4a066ef047dc1f604f3bd18407bee
sam2_whu_4city_800_20ep_basic60_s46,46,best_sam2_whu_4city_800_20ep_basic60_s46.pth,157432824,959a1d568a3a4337a29e2f514920d842d69b473f2247ac2501519c2d4ef6f885
sam2_whu_4city_800_20ep_basic_s42,42,best_sam2_whu_4city_800_20ep_basic_s42.pth,157431706,086b636375f2246ccbd214d8e853a8a6a326837993bc7312bccef8e9761cdb9b
sam2_whu_4city_800_20ep_basic_s43,43,best_sam2_whu_4city_800_20ep_basic_s43.pth,157431706,49077cc823a429f30fca48be7b6456949c55217b4f23acca001fda0787302175
sam2_whu_4city_800_20ep_basic_s44,44,best_sam2_whu_4city_800_20ep_basic_s44.pth,157431706,0c2ae76b19859c163e0a7916f262dfe3793cb357ce234c9a9bd7fbd4444f462e
sam2_whu_4city_800_20ep_basic_s45,45,best_sam2_whu_4city_800_20ep_basic_s45.pth,157431706,5dcc1ecad9f6457b9b72fd0cb7267724bff4c82818d9fa5f9fb449c94b07ba0f
sam2_whu_4city_800_20ep_basic_s46,46,best_sam2_whu_4city_800_20ep_basic_s46.pth,157431706,fa2aad73cc744ead2ba360b778de4f761490790acd539ccc77340df9dab0c756
sam2_whu_4city_800_20ep_bsm_s42,42,best_sam2_whu_4city_800_20ep_bsm_s42.pth,157430844,0b4e3eecf61fba2ccb4fd2930cee9751e946b7303d7fc7136406b02cee885647
sam2_whu_4city_800_20ep_bsm_s43,43,best_sam2_whu_4city_800_20ep_bsm_s43.pth,157430844,4115d3f24d576d7fc42b9e1d640d62d8fd70308c892803c8edc865fcfbc8fc7f
sam2_whu_4city_800_20ep_bsm_s44,44,best_sam2_whu_4city_800_20ep_bsm_s44.pth,157430972,cdb7d81f3bff30fa7cf8e6e7e8ff76963cbf4fe6e65e9e06b63db5dfc45b0d77
sam2_whu_4city_800_20ep_bsm_s45,45,best_sam2_whu_4city_800_20ep_bsm_s45.pth,157430844,56e957386b1d527ac2b7b374ee3318fb511c611139bfabcbce7067224da4fb9d
sam2_whu_4city_800_20ep_bsm_s46,46,best_sam2_whu_4city_800_20ep_bsm_s46.pth,157430844,75ce9820a33340d2179349028c9fb1d05e3072f00c5daaa0d99848d32b941a61
sam2_whu_4city_800_20ep_dsu_s42,42,best_sam2_whu_4city_800_20ep_dsu_s42.pth,157430652,2b71e78c1410cbb89a2916ed8737e980e3d3d3ff5f288bb5aa1253eebfd8a5f9
sam2_whu_4city_800_20ep_dsu_s43,43,best_sam2_whu_4city_800_20ep_dsu_s43.pth,157430652,e40514274efd206e28605d545de5343831bde56593f382c23684aef51daac035
sam2_whu_4city_800_20ep_dsu_s44,44,best_sam2_whu_4city_800_20ep_dsu_s44.pth,157430652,73659345189a7c75acf6f6d59e93fa1ec8873c7e1f6a582baac76700aa034b8a
sam2_whu_4city_800_20ep_dsu_s45,45,best_sam2_whu_4city_800_20ep_dsu_s45.pth,157430780,0d553cf03a28ed3915b01bd9f72f861383d67c4e3dcc89eb3f2f7a6afd71ad1e
sam2_whu_4city_800_20ep_dsu_s46,46,best_sam2_whu_4city_800_20ep_dsu_s46.pth,157430716,efec2e35a863cb1dea0da59ce8dea6611afc280c148a8c433ee9900c074511a4
sam2_whu_4city_800_20ep_fact_s42,42,best_sam2_whu_4city_800_20ep_fact_s42.pth,157431147,e77e1a4e7a766819b65bf8756cbddc35c5476b0884bd88ce89528908677dd0ec
sam2_whu_4city_800_20ep_fact_s43,43,best_sam2_whu_4city_800_20ep_fact_s43.pth,157431275,9b7ac3c77405c22eac742b5eb86852bda8351a89d033ab8341c2afbb0c97b16a
sam2_whu_4city_800_20ep_fact_s44,44,best_sam2_whu_4city_800_20ep_fact_s44.pth,157431147,9163479df2d0c4e17b18386d1a7c1f8007ded633163d91f5988c54b47f6eecc3
sam2_whu_4city_800_20ep_fact_s45,45,best_sam2_whu_4city_800_20ep_fact_s45.pth,157431211,5ad74c3a6738461d13719ad7a6018241ce8ef7c6c4ab159b680c9d7aac04bcc7
sam2_whu_4city_800_20ep_fact_s46,46,best_sam2_whu_4city_800_20ep_fact_s46.pth,157431211,8876ef7760ea5655778056864c0ff30b3bc0d3ec8906bd369c68d20eb4a41bc3
sam2_whu_4city_800_20ep_fosmix_mixstyle_s42,42,best_sam2_whu_4city_800_20ep_fosmix_mixstyle_s42.pth,157437040,80471f2dc20623a60767e2a1110eec21786b69fef7ee9aa0e74b7af8d9bf63df
sam2_whu_4city_800_20ep_fosmix_mixstyle_s43,43,best_sam2_whu_4city_800_20ep_fosmix_mixstyle_s43.pth,157436912,d5a8a734cbfc825289e5a6f32b793bb9b057c234061cdce824eff20787cfc947
sam2_whu_4city_800_20ep_fosmix_mixstyle_s44,44,best_sam2_whu_4city_800_20ep_fosmix_mixstyle_s44.pth,157436912,ef2ec33e5d082a691eaafbd92a3fa80e25fc282d1cb8414c69ca08f92e772511
sam2_whu_4city_800_20ep_fosmix_mixstyle_s45,45,best_sam2_whu_4city_800_20ep_fosmix_mixstyle_s45.pth,157436912,580c28695b9a1a2e09d4a3ce70a0085d8ac8eff567904dacdcc43d029364b951
sam2_whu_4city_800_20ep_fosmix_mixstyle_s46,46,best_sam2_whu_4city_800_20ep_fosmix_mixstyle_s46.pth,157436912,6aa864fc8f926fdb0343b980db9017c600e8f62122354c2fd6918f42283c0b74
sam2_whu_4city_800_20ep_fosmix_s42,42,best_sam2_whu_4city_800_20ep_fosmix_s42.pth,157432393,a0ab7c0cf8246450e078dd2d6db99467814f80730b4f2f5fc3307985215e02de
sam2_whu_4city_800_20ep_fosmix_s43,43,best_sam2_whu_4city_800_20ep_fosmix_s43.pth,157432393,cff5c44990503f68caab48e93fd786eaf2c4d98daafe0f69899b8e424be8d036
sam2_whu_4city_800_20ep_fosmix_s44,44,best_sam2_whu_4city_800_20ep_fosmix_s44.pth,157432393,96c7cdf1d09f767227f364890195ee08d72aa0aeb917b4a47792a263d3c91631
sam2_whu_4city_800_20ep_fosmix_s45,45,best_sam2_whu_4city_800_20ep_fosmix_s45.pth,157432393,0a374dbe88d3e11f9b7dec99f8036fc93524349ddeac543ee865852b95e10b5b
sam2_whu_4city_800_20ep_fosmix_s46,46,best_sam2_whu_4city_800_20ep_fosmix_s46.pth,157432393,4c21d903dd58b77863b72edca6252e881a2a2dcfd5285bd62b6a8f08bb46e575
sam2_whu_4city_800_20ep_mixstyle_s42,42,best_sam2_whu_4city_800_20ep_mixstyle_s42.pth,157433255,4febf7db689ddd2a93a3e7e9241740ffe2c92af6b93ae38797d5e86758fb1a0c
sam2_whu_4city_800_20ep_mixstyle_s43,43,best_sam2_whu_4city_800_20ep_mixstyle_s43.pth,157433255,9e75cd3422a6fbefeb62597ba5524704f17c201e9d70add434fe93353c515dc4
sam2_whu_4city_800_20ep_mixstyle_s44,44,best_sam2_whu_4city_800_20ep_mixstyle_s44.pth,157433255,984b6295af1b873630abc90b111371442ae7ce12ca03526c78eb78a25a068cec
sam2_whu_4city_800_20ep_mixstyle_s45,45,best_sam2_whu_4city_800_20ep_mixstyle_s45.pth,157433255,8e9f84b0b99e67b689fa0cc1b99f53cf4c853635c6b98b174ca6905b9be98114
sam2_whu_4city_800_20ep_mixstyle_s46,46,best_sam2_whu_4city_800_20ep_mixstyle_s46.pth,157433255,d0ef23b3286a2ba20769b2c1cfc1c8ba0c37e9fcb3c5b9af49ae9e5171549da0
segformer_b0_baseline_s42,42,best_segformer_b0_baseline_s42.pth,14951921,5e17c2775d4fbb817d3eb8066a76ddc75f3778cc3272d56c6e4b6d65b0c841cb
segformer_b0_baseline_s43,43,best_segformer_b0_baseline_s43.pth,14951921,bf32361c9dcd144c1dbf553e3370973b01df4e6760fb51015b5110f2207aee45
segformer_b0_baseline_s44,44,best_segformer_b0_baseline_s44.pth,14951921,9f8999dbf018862f06f9605662641bb3610213314e82cb4ce178ee06010233e4
segformer_b0_baseline_s45,45,best_segformer_b0_baseline_s45.pth,14951921,2c0710e751c382f35abeff7889a718848fad2e9ad98249c63a1b5290c9649c6b
segformer_b0_baseline_s46,46,best_segformer_b0_baseline_s46.pth,14951921,ff10c07f6a988a9273bb714dc26f0eaca7df82c95b2e94e9ad782d0ce09c0136
sam2_whu_4city_800_20ep_basic75_s42,42,best_sam2_whu_4city_800_20ep_basic75_s42.pth,157432632,d2748372dee89f3d94df160bc04b7a4560b8fbbd83bf83a9813368d2d6a2dd65
