"method","seed","iou","ckpt"
"Dual","42","0.7741839620347982","best_sam2_whu_4city_800_20ep_fosmix_mixstyle_s42.pth"
"Dual","43","0.7927075814310205","best_sam2_whu_4city_800_20ep_fosmix_mixstyle_s43.pth"
"Dual","44","0.7745524454283464","best_sam2_whu_4city_800_20ep_fosmix_mixstyle_s44.pth"
"Dual","45","0.7616765502322859","best_sam2_whu_4city_800_20ep_fosmix_mixstyle_s45.pth"
"Dual","46","0.757991095693321","best_sam2_whu_4city_800_20ep_fosmix_mixstyle_s46.pth"
"FOSMix","42","0.7938310688244772","best_sam2_whu_4city_800_20ep_fosmix_s42.pth"
"FOSMix","43","0.7778263394021266","best_sam2_whu_4city_800_20ep_fosmix_s43.pth"
"FOSMix","44","0.7870904355175814","best_sam2_whu_4city_800_20ep_fosmix_s44.pth"
"Basic","42","0.734235583937854","best_sam2_whu_4city_800_20ep_basic_s42.pth"
"Basic","43","0.7602980175098497","best_sam2_whu_4city_800_20ep_basic_s43.pth"
"Basic","44","0.767192412159521","best_sam2_whu_4city_800_20ep_basic_s44.pth"
