run,iou_all,iou_overall,iou_small,iou_medium,iou_large,biou
sam2_whu_4city_800_20ep_basic_s42,0.7276,0.0703,0.0203,0.1078,0.332,0.0116
sam2_whu_4city_800_20ep_basic_s43,0.7447,0.0702,0.0204,0.1069,0.3649,0.012
sam2_whu_4city_800_20ep_basic_s44,0.6842,0.069,0.0209,0.105,0.331,0.0124
sam2_whu_4city_800_20ep_basic_s45,0.6673,0.0698,0.0185,0.1092,0.3082,0.0122
sam2_whu_4city_800_20ep_basic_s46,0.7007,0.072,0.0232,0.1083,0.3466,0.0128
sam2_whu_4city_800_20ep_fosmix_s42,0.7515,0.0721,0.0246,0.106,0.3954,0.014
sam2_whu_4city_800_20ep_fosmix_s43,0.7772,0.0697,0.0221,0.1033,0.4109,0.0137
sam2_whu_4city_800_20ep_fosmix_s44,0.7703,0.0712,0.0199,0.1076,0.4257,0.0123
sam2_whu_4city_800_20ep_fosmix_s45,0.784,0.0713,0.0217,0.106,0.4309,0.0131
sam2_whu_4city_800_20ep_fosmix_s46,0.7845,0.0717,0.0214,0.1077,0.4063,0.0125
sam2_whu_4city_800_20ep_mixstyle_s42,0.6955,0.0696,0.0209,0.1047,0.386,0.0111
sam2_whu_4city_800_20ep_mixstyle_s43,0.7373,0.0704,0.0194,0.1066,0.4189,0.0126
sam2_whu_4city_800_20ep_mixstyle_s44,0.7296,0.07,0.0232,0.1039,0.369,0.0135
sam2_whu_4city_800_20ep_mixstyle_s45,0.72,0.0725,0.023,0.1078,0.4084,0.0124
sam2_whu_4city_800_20ep_mixstyle_s46,0.7237,0.0693,0.0242,0.1026,0.3352,0.0142
