epoch,train_loss,val_iou,val_f1,val_precision,val_recall,best_iou,elapsed_s
1,0.271278,0.7281,0.8426,0.8405,0.8447,0.7281,129
2,0.220362,0.7111,0.8312,0.7790,0.8908,0.7281,268
3,0.200298,0.7531,0.8591,0.8325,0.8876,0.7531,406
4,0.194237,0.7204,0.8375,0.8452,0.8299,0.7531,546
5,0.184889,0.7332,0.8461,0.8368,0.8555,0.7531,685
6,0.180809,0.7604,0.8639,0.8657,0.8620,0.7604,823
7,0.168142,0.7550,0.8604,0.8787,0.8428,0.7604,963
8,0.155280,0.7456,0.8543,0.8662,0.8427,0.7604,1101
9,0.173656,0.7562,0.8612,0.8567,0.8657,0.7604,1240
10,0.163289,0.7747,0.8731,0.8637,0.8826,0.7747,1379
11,0.154807,0.7757,0.8737,0.8664,0.8810,0.7757,1518
12,0.164122,0.7695,0.8697,0.8655,0.8741,0.7757,1657
13,0.170902,0.7560,0.8610,0.8515,0.8708,0.7757,1797
14,0.158375,0.7583,0.8625,0.8358,0.8910,0.7757,1936
15,0.159851,0.7725,0.8716,0.8616,0.8819,0.7757,2076
16,0.143505,0.7769,0.8745,0.8618,0.8875,0.7769,2215
17,0.145752,0.7708,0.8705,0.8621,0.8792,0.7769,2353
18,0.143589,0.7907,0.8831,0.8700,0.8967,0.7907,2493
19,0.136180,0.7793,0.8759,0.8713,0.8807,0.7907,2632
20,0.153292,0.7665,0.8678,0.8703,0.8653,0.7907,2770
