city,seed,n_tiles,mean_delta,perm_p,boot_ci_lo,boot_ci_hi
dunedin,s43,100,0.0256,0.1029,-0.0020,0.0596
dunedin,s44,100,-0.0132,0.1348,-0.0290,0.0046
dunedin,s45,100,0.0002,0.9871,-0.0321,0.0316
dunedin,s46,100,0.0280,0.0808,-0.0043,0.0569
khartoum,s43,100,0.0721,0.0044,0.0221,0.1207
khartoum,s44,100,0.1845,0.0001,0.1395,0.2279
khartoum,s45,100,0.1281,0.0001,0.0823,0.1756
khartoum,s46,100,0.1507,0.0001,0.1190,0.1823
potsdam,s43,100,-0.0128,0.6235,-0.0640,0.0361
potsdam,s44,100,-0.0788,0.0038,-0.1338,-0.0280
potsdam,s45,100,0.0885,0.0001,0.0483,0.1319
potsdam,s46,100,0.0750,0.0067,0.0241,0.1276
wuxi,s43,100,0.0312,0.2278,-0.0200,0.0784
wuxi,s44,100,0.0787,0.0003,0.0379,0.1218
wuxi,s45,100,-0.0153,0.5743,-0.0679,0.0375
wuxi,s46,100,0.2498,0.0001,0.1876,0.3137
