"epoch","train_loss","val_iou","val_f1","val_precision","val_recall","best_iou","elapsed_s"
"1","2.949263","0.7512","0.8579","0.8761","0.8405","0.7512","722"
"2","2.215931","0.7803","0.8766","0.8646","0.8890","0.7803","1446"
"3","2.145853","0.6311","0.7738","0.8464","0.7127","0.7803","2114"
"4","2.062824","0.7812","0.8771","0.8814","0.8729","0.7812","2763"
"5","2.061906","0.7725","0.8717","0.8706","0.8727","0.7812","3404"
"6","2.046593","0.7781","0.8752","0.9018","0.8501","0.7812","4059"
"7","2.028892","0.7820","0.8777","0.9081","0.8492","0.7820","4717"
"8","2.032738","0.7622","0.8651","0.8319","0.9011","0.7820","5379"
"9","1.992892","0.7822","0.8778","0.8804","0.8752","0.7822","6030"
"10","1.970103","0.8040","0.8913","0.8818","0.9011","0.8040","6684"
"11","2.007156","0.8034","0.8910","0.8936","0.8883","0.8040","7338"
"12","1.991895","0.8022","0.8902","0.8936","0.8869","0.8040","7996"
"13","1.979450","0.8036","0.8911","0.8878","0.8945","0.8040","8669"
"14","1.963176","0.7998","0.8888","0.8783","0.8996","0.8040","9329"
"15","1.945000","0.7882","0.8815","0.8986","0.8651","0.8040","10018"
"16","1.979232","0.7972","0.8871","0.8718","0.9030","0.8040","1007"
"17","1.953463","0.8027","0.8906","0.8890","0.8921","0.8040","2003"
"18","1.966656","0.7915","0.8836","0.8993","0.8685","0.8040","2999"
"19","1.951868","0.8046","0.8917","0.8880","0.8955","0.8046","3963"
"20","1.962263","0.8059","0.8925","0.8726","0.9134","0.8059","159"
