epoch,train_loss,val_loss,val_iou,val_f1,val_precision,val_recall,learning_rate,epoch_seconds
1,0.31409860541811213,0.19582857832060352,0.7155779130446575,0.8342120839906506,0.8025337503252497,0.8684940623918304,6e-05,346.46775140002137
2,0.2073115216793182,0.19015557189060323,0.721735739711508,0.8383815507395358,0.8231470782534105,0.854190563467449,6e-05,345.3883810999687
3,0.19912909335146348,0.20474620613631336,0.7120947368099768,0.8318403432940537,0.8093947286314187,0.8555663599766938,6e-05,340.58980120002525
4,0.18629189796493545,0.17524643797132966,0.7370950536767453,0.8486525272369013,0.8529066395633336,0.8444406414628305,6e-05,350.98586570000043
5,0.1836502032862821,0.1728077855695119,0.7397851572998873,0.8504327723407176,0.8603977708678766,0.8406959572771396,6e-05,349.56905990000814
6,0.17989303118782118,0.16904343698949864,0.7519614202206323,0.8584223505628731,0.8364815431970527,0.8815451713178035,6e-05,339.78522050002357
7,0.17048477414102914,0.16734360227386788,0.7504664728353931,0.8574474112832254,0.8516589636417187,0.8633150817501285,6e-05,349.03472870000405
8,0.1629169954705382,0.21416567002020503,0.7304597444016909,0.8442377775788694,0.825324592965943,0.8640381236294873,6e-05,351.7068535000435
9,0.15666498722835967,0.15832396669934193,0.7620420281117285,0.8649532939102047,0.8496360292582241,0.8808329781226024,6e-05,357.6032324999687
10,0.15345082492560322,0.15847318090925303,0.7626100098198768,0.8653190502393764,0.869265438302821,0.8614083327389659,6e-05,344.4127194999601
