split,city,source_name,tile_name,row,column,x_start,y_start,valid_width,valid_height,building_ratio,image_path,mask_path
test,kitsap,whu_mix,kitsap_1005.tif,0,0,0,0,512,512,0.16228104,data/raw/WHU_Mix_cities/kitsap/image/kitsap_1005.tif,data/raw/WHU_Mix_cities/kitsap/label/kitsap_1005.tif
test,kitsap,whu_mix,kitsap_1006.tif,0,0,0,0,512,512,0.11367416,data/raw/WHU_Mix_cities/kitsap/image/kitsap_1006.tif,data/raw/WHU_Mix_cities/kitsap/label/kitsap_1006.tif
test,kitsap,whu_mix,kitsap_1025.tif,0,0,0,0,512,512,0.10087204,data/raw/WHU_Mix_cities/kitsap/image/kitsap_1025.tif,data/raw/WHU_Mix_cities/kitsap/label/kitsap_1025.tif
test,kitsap,whu_mix,kitsap_1033.tif,0,0,0,0,512,512,0.11505127,data/raw/WHU_Mix_cities/kitsap/image/kitsap_1033.tif,data/raw/WHU_Mix_cities/kitsap/label/kitsap_1033.tif
test,kitsap,whu_mix,kitsap_1053.tif,0,0,0,0,512,512,0.00000000,data/raw/WHU_Mix_cities/kitsap/image/kitsap_1053.tif,data/raw/WHU_Mix_cities/kitsap/label/kitsap_1053.tif
test,kitsap,whu_mix,kitsap_106.tif,0,0,0,0,512,512,0.07030869,data/raw/WHU_Mix_cities/kitsap/image/kitsap_106.tif,data/raw/WHU_Mix_cities/kitsap/label/kitsap_106.tif
test,kitsap,whu_mix,kitsap_1113.tif,0,0,0,0,512,512,0.03330231,data/raw/WHU_Mix_cities/kitsap/image/kitsap_1113.tif,data/raw/WHU_Mix_cities/kitsap/label/kitsap_1113.tif
test,kitsap,whu_mix,kitsap_1145.tif,0,0,0,0,512,512,0.00000000,data/raw/WHU_Mix_cities/kitsap/image/kitsap_1145.tif,data/raw/WHU_Mix_cities/kitsap/label/kitsap_1145.tif
test,kitsap,whu_mix,kitsap_1163.tif,0,0,0,0,512,512,0.14144516,data/raw/WHU_Mix_cities/kitsap/image/kitsap_1163.tif,data/raw/WHU_Mix_cities/kitsap/label/kitsap_1163.tif
test,kitsap,whu_mix,kitsap_1182.tif,0,0,0,0,512,512,0.05991745,data/raw/WHU_Mix_cities/kitsap/image/kitsap_1182.tif,data/raw/WHU_Mix_cities/kitsap/label/kitsap_1182.tif
test,kitsap,whu_mix,kitsap_1187.tif,0,0,0,0,512,512,0.08832169,data/raw/WHU_Mix_cities/kitsap/image/kitsap_1187.tif,data/raw/WHU_Mix_cities/kitsap/label/kitsap_1187.tif
test,kitsap,whu_mix,kitsap_1204.tif,0,0,0,0,512,512,0.01710892,data/raw/WHU_Mix_cities/kitsap/image/kitsap_1204.tif,data/raw/WHU_Mix_cities/kitsap/label/kitsap_1204.tif
test,kitsap,whu_mix,kitsap_1219.tif,0,0,0,0,512,512,0.03300095,data/raw/WHU_Mix_cities/kitsap/image/kitsap_1219.tif,data/raw/WHU_Mix_cities/kitsap/label/kitsap_1219.tif
test,kitsap,whu_mix,kitsap_1240.tif,0,0,0,0,512,512,0.01420975,data/raw/WHU_Mix_cities/kitsap/image/kitsap_1240.tif,data/raw/WHU_Mix_cities/kitsap/label/kitsap_1240.tif
test,kitsap,whu_mix,kitsap_1241.tif,0,0,0,0,512,512,0.05305099,data/raw/WHU_Mix_cities/kitsap/image/kitsap_1241.tif,data/raw/WHU_Mix_cities/kitsap/label/kitsap_1241.tif
test,kitsap,whu_mix,kitsap_1252.tif,0,0,0,0,512,512,0.02709961,data/raw/WHU_Mix_cities/kitsap/image/kitsap_1252.tif,data/raw/WHU_Mix_cities/kitsap/label/kitsap_1252.tif
test,kitsap,whu_mix,kitsap_1266.tif,0,0,0,0,512,512,0.02791977,data/raw/WHU_Mix_cities/kitsap/image/kitsap_1266.tif,data/raw/WHU_Mix_cities/kitsap/label/kitsap_1266.tif
test,kitsap,whu_mix,kitsap_1279.tif,0,0,0,0,512,512,0.02161026,data/raw/WHU_Mix_cities/kitsap/image/kitsap_1279.tif,data/raw/WHU_Mix_cities/kitsap/label/kitsap_1279.tif
test,kitsap,whu_mix,kitsap_129.tif,0,0,0,0,512,512,0.00000000,data/raw/WHU_Mix_cities/kitsap/image/kitsap_129.tif,data/raw/WHU_Mix_cities/kitsap/label/kitsap_129.tif
test,kitsap,whu_mix,kitsap_1302.tif,0,0,0,0,512,512,0.06357956,data/raw/WHU_Mix_cities/kitsap/image/kitsap_1302.tif,data/raw/WHU_Mix_cities/kitsap/label/kitsap_1302.tif
test,kitsap,whu_mix,kitsap_1308.tif,0,0,0,0,512,512,0.02985001,data/raw/WHU_Mix_cities/kitsap/image/kitsap_1308.tif,data/raw/WHU_Mix_cities/kitsap/label/kitsap_1308.tif
test,kitsap,whu_mix,kitsap_1321.tif,0,0,0,0,512,512,0.10344315,data/raw/WHU_Mix_cities/kitsap/image/kitsap_1321.tif,data/raw/WHU_Mix_cities/kitsap/label/kitsap_1321.tif
test,kitsap,whu_mix,kitsap_1358.tif,0,0,0,0,512,512,0.01033401,data/raw/WHU_Mix_cities/kitsap/image/kitsap_1358.tif,data/raw/WHU_Mix_cities/kitsap/label/kitsap_1358.tif
test,kitsap,whu_mix,kitsap_1371.tif,0,0,0,0,512,512,0.02821350,data/raw/WHU_Mix_cities/kitsap/image/kitsap_1371.tif,data/raw/WHU_Mix_cities/kitsap/label/kitsap_1371.tif
test,kitsap,whu_mix,kitsap_1388.tif,0,0,0,0,512,512,0.00204849,data/raw/WHU_Mix_cities/kitsap/image/kitsap_1388.tif,data/raw/WHU_Mix_cities/kitsap/label/kitsap_1388.tif
test,kitsap,whu_mix,kitsap_1392.tif,0,0,0,0,512,512,0.00000000,data/raw/WHU_Mix_cities/kitsap/image/kitsap_1392.tif,data/raw/WHU_Mix_cities/kitsap/label/kitsap_1392.tif
test,kitsap,whu_mix,kitsap_1396.tif,0,0,0,0,512,512,0.00000000,data/raw/WHU_Mix_cities/kitsap/image/kitsap_1396.tif,data/raw/WHU_Mix_cities/kitsap/label/kitsap_1396.tif
test,kitsap,whu_mix,kitsap_1407.tif,0,0,0,0,512,512,0.15578079,data/raw/WHU_Mix_cities/kitsap/image/kitsap_1407.tif,data/raw/WHU_Mix_cities/kitsap/label/kitsap_1407.tif
test,kitsap,whu_mix,kitsap_1439.tif,0,0,0,0,512,512,0.01282883,data/raw/WHU_Mix_cities/kitsap/image/kitsap_1439.tif,data/raw/WHU_Mix_cities/kitsap/label/kitsap_1439.tif
test,kitsap,whu_mix,kitsap_1493.tif,0,0,0,0,512,512,0.06412506,data/raw/WHU_Mix_cities/kitsap/image/kitsap_1493.tif,data/raw/WHU_Mix_cities/kitsap/label/kitsap_1493.tif
test,kitsap,whu_mix,kitsap_1504.tif,0,0,0,0,512,512,0.01681519,data/raw/WHU_Mix_cities/kitsap/image/kitsap_1504.tif,data/raw/WHU_Mix_cities/kitsap/label/kitsap_1504.tif
test,kitsap,whu_mix,kitsap_1518.tif,0,0,0,0,512,512,0.00945663,data/raw/WHU_Mix_cities/kitsap/image/kitsap_1518.tif,data/raw/WHU_Mix_cities/kitsap/label/kitsap_1518.tif
test,kitsap,whu_mix,kitsap_1531.tif,0,0,0,0,512,512,0.00000000,data/raw/WHU_Mix_cities/kitsap/image/kitsap_1531.tif,data/raw/WHU_Mix_cities/kitsap/label/kitsap_1531.tif
test,kitsap,whu_mix,kitsap_1533.tif,0,0,0,0,512,512,0.00000000,data/raw/WHU_Mix_cities/kitsap/image/kitsap_1533.tif,data/raw/WHU_Mix_cities/kitsap/label/kitsap_1533.tif
test,kitsap,whu_mix,kitsap_1534.tif,0,0,0,0,512,512,0.02173615,data/raw/WHU_Mix_cities/kitsap/image/kitsap_1534.tif,data/raw/WHU_Mix_cities/kitsap/label/kitsap_1534.tif
test,kitsap,whu_mix,kitsap_1545.tif,0,0,0,0,512,512,0.01444244,data/raw/WHU_Mix_cities/kitsap/image/kitsap_1545.tif,data/raw/WHU_Mix_cities/kitsap/label/kitsap_1545.tif
test,kitsap,whu_mix,kitsap_1550.tif,0,0,0,0,512,512,0.00776291,data/raw/WHU_Mix_cities/kitsap/image/kitsap_1550.tif,data/raw/WHU_Mix_cities/kitsap/label/kitsap_1550.tif
test,kitsap,whu_mix,kitsap_1571.tif,0,0,0,0,512,512,0.00947571,data/raw/WHU_Mix_cities/kitsap/image/kitsap_1571.tif,data/raw/WHU_Mix_cities/kitsap/label/kitsap_1571.tif
test,kitsap,whu_mix,kitsap_1617.tif,0,0,0,0,512,512,0.15053177,data/raw/WHU_Mix_cities/kitsap/image/kitsap_1617.tif,data/raw/WHU_Mix_cities/kitsap/label/kitsap_1617.tif
test,kitsap,whu_mix,kitsap_1628.tif,0,0,0,0,512,512,0.12450409,data/raw/WHU_Mix_cities/kitsap/image/kitsap_1628.tif,data/raw/WHU_Mix_cities/kitsap/label/kitsap_1628.tif
test,kitsap,whu_mix,kitsap_1631.tif,0,0,0,0,512,512,0.03038788,data/raw/WHU_Mix_cities/kitsap/image/kitsap_1631.tif,data/raw/WHU_Mix_cities/kitsap/label/kitsap_1631.tif
test,kitsap,whu_mix,kitsap_1639.tif,0,0,0,0,512,512,0.07748795,data/raw/WHU_Mix_cities/kitsap/image/kitsap_1639.tif,data/raw/WHU_Mix_cities/kitsap/label/kitsap_1639.tif
test,kitsap,whu_mix,kitsap_1642.tif,0,0,0,0,512,512,0.01442719,data/raw/WHU_Mix_cities/kitsap/image/kitsap_1642.tif,data/raw/WHU_Mix_cities/kitsap/label/kitsap_1642.tif
test,kitsap,whu_mix,kitsap_166.tif,0,0,0,0,512,512,0.00000000,data/raw/WHU_Mix_cities/kitsap/image/kitsap_166.tif,data/raw/WHU_Mix_cities/kitsap/label/kitsap_166.tif
test,kitsap,whu_mix,kitsap_1668.tif,0,0,0,0,512,512,0.24674225,data/raw/WHU_Mix_cities/kitsap/image/kitsap_1668.tif,data/raw/WHU_Mix_cities/kitsap/label/kitsap_1668.tif
test,kitsap,whu_mix,kitsap_1696.tif,0,0,0,0,512,512,0.00000000,data/raw/WHU_Mix_cities/kitsap/image/kitsap_1696.tif,data/raw/WHU_Mix_cities/kitsap/label/kitsap_1696.tif
test,kitsap,whu_mix,kitsap_1728.tif,0,0,0,0,512,512,0.41320038,data/raw/WHU_Mix_cities/kitsap/image/kitsap_1728.tif,data/raw/WHU_Mix_cities/kitsap/label/kitsap_1728.tif
test,kitsap,whu_mix,kitsap_1747.tif,0,0,0,0,512,512,0.21119308,data/raw/WHU_Mix_cities/kitsap/image/kitsap_1747.tif,data/raw/WHU_Mix_cities/kitsap/label/kitsap_1747.tif
test,kitsap,whu_mix,kitsap_1753.tif,0,0,0,0,512,512,0.09709549,data/raw/WHU_Mix_cities/kitsap/image/kitsap_1753.tif,data/raw/WHU_Mix_cities/kitsap/label/kitsap_1753.tif
test,kitsap,whu_mix,kitsap_1757.tif,0,0,0,0,512,512,0.56594467,data/raw/WHU_Mix_cities/kitsap/image/kitsap_1757.tif,data/raw/WHU_Mix_cities/kitsap/label/kitsap_1757.tif
test,kitsap,whu_mix,kitsap_1760.tif,0,0,0,0,512,512,0.16856003,data/raw/WHU_Mix_cities/kitsap/image/kitsap_1760.tif,data/raw/WHU_Mix_cities/kitsap/label/kitsap_1760.tif
test,kitsap,whu_mix,kitsap_1766.tif,0,0,0,0,512,512,0.21725845,data/raw/WHU_Mix_cities/kitsap/image/kitsap_1766.tif,data/raw/WHU_Mix_cities/kitsap/label/kitsap_1766.tif
test,kitsap,whu_mix,kitsap_1773.tif,0,0,0,0,512,512,0.11243057,data/raw/WHU_Mix_cities/kitsap/image/kitsap_1773.tif,data/raw/WHU_Mix_cities/kitsap/label/kitsap_1773.tif
test,kitsap,whu_mix,kitsap_1791.tif,0,0,0,0,512,512,0.13352585,data/raw/WHU_Mix_cities/kitsap/image/kitsap_1791.tif,data/raw/WHU_Mix_cities/kitsap/label/kitsap_1791.tif
test,kitsap,whu_mix,kitsap_1803.tif,0,0,0,0,512,512,0.05548477,data/raw/WHU_Mix_cities/kitsap/image/kitsap_1803.tif,data/raw/WHU_Mix_cities/kitsap/label/kitsap_1803.tif
test,kitsap,whu_mix,kitsap_1812.tif,0,0,0,0,512,512,0.04072952,data/raw/WHU_Mix_cities/kitsap/image/kitsap_1812.tif,data/raw/WHU_Mix_cities/kitsap/label/kitsap_1812.tif
test,kitsap,whu_mix,kitsap_1847.tif,0,0,0,0,512,512,0.17295456,data/raw/WHU_Mix_cities/kitsap/image/kitsap_1847.tif,data/raw/WHU_Mix_cities/kitsap/label/kitsap_1847.tif
test,kitsap,whu_mix,kitsap_1854.tif,0,0,0,0,512,512,0.13625717,data/raw/WHU_Mix_cities/kitsap/image/kitsap_1854.tif,data/raw/WHU_Mix_cities/kitsap/label/kitsap_1854.tif
test,kitsap,whu_mix,kitsap_1857.tif,0,0,0,0,512,512,0.10899353,data/raw/WHU_Mix_cities/kitsap/image/kitsap_1857.tif,data/raw/WHU_Mix_cities/kitsap/label/kitsap_1857.tif
test,kitsap,whu_mix,kitsap_1894.tif,0,0,0,0,512,512,0.00000000,data/raw/WHU_Mix_cities/kitsap/image/kitsap_1894.tif,data/raw/WHU_Mix_cities/kitsap/label/kitsap_1894.tif
test,kitsap,whu_mix,kitsap_1896.tif,0,0,0,0,512,512,0.20416641,data/raw/WHU_Mix_cities/kitsap/image/kitsap_1896.tif,data/raw/WHU_Mix_cities/kitsap/label/kitsap_1896.tif
test,kitsap,whu_mix,kitsap_1898.tif,0,0,0,0,512,512,0.12172318,data/raw/WHU_Mix_cities/kitsap/image/kitsap_1898.tif,data/raw/WHU_Mix_cities/kitsap/label/kitsap_1898.tif
test,kitsap,whu_mix,kitsap_1903.tif,0,0,0,0,512,512,0.00000000,data/raw/WHU_Mix_cities/kitsap/image/kitsap_1903.tif,data/raw/WHU_Mix_cities/kitsap/label/kitsap_1903.tif
test,kitsap,whu_mix,kitsap_1909.tif,0,0,0,0,512,512,0.01618958,data/raw/WHU_Mix_cities/kitsap/image/kitsap_1909.tif,data/raw/WHU_Mix_cities/kitsap/label/kitsap_1909.tif
test,kitsap,whu_mix,kitsap_1946.tif,0,0,0,0,512,512,0.02277374,data/raw/WHU_Mix_cities/kitsap/image/kitsap_1946.tif,data/raw/WHU_Mix_cities/kitsap/label/kitsap_1946.tif
test,kitsap,whu_mix,kitsap_1961.tif,0,0,0,0,512,512,0.01485825,data/raw/WHU_Mix_cities/kitsap/image/kitsap_1961.tif,data/raw/WHU_Mix_cities/kitsap/label/kitsap_1961.tif
test,kitsap,whu_mix,kitsap_1967.tif,0,0,0,0,512,512,0.01993942,data/raw/WHU_Mix_cities/kitsap/image/kitsap_1967.tif,data/raw/WHU_Mix_cities/kitsap/label/kitsap_1967.tif
test,kitsap,whu_mix,kitsap_1973.tif,0,0,0,0,512,512,0.04846573,data/raw/WHU_Mix_cities/kitsap/image/kitsap_1973.tif,data/raw/WHU_Mix_cities/kitsap/label/kitsap_1973.tif
test,kitsap,whu_mix,kitsap_1980.tif,0,0,0,0,512,512,0.03991318,data/raw/WHU_Mix_cities/kitsap/image/kitsap_1980.tif,data/raw/WHU_Mix_cities/kitsap/label/kitsap_1980.tif
test,kitsap,whu_mix,kitsap_2019.tif,0,0,0,0,512,512,0.00000000,data/raw/WHU_Mix_cities/kitsap/image/kitsap_2019.tif,data/raw/WHU_Mix_cities/kitsap/label/kitsap_2019.tif
test,kitsap,whu_mix,kitsap_2082.tif,0,0,0,0,512,512,0.00000000,data/raw/WHU_Mix_cities/kitsap/image/kitsap_2082.tif,data/raw/WHU_Mix_cities/kitsap/label/kitsap_2082.tif
test,kitsap,whu_mix,kitsap_2085.tif,0,0,0,0,512,512,0.00000000,data/raw/WHU_Mix_cities/kitsap/image/kitsap_2085.tif,data/raw/WHU_Mix_cities/kitsap/label/kitsap_2085.tif
test,kitsap,whu_mix,kitsap_2090.tif,0,0,0,0,512,512,0.01221466,data/raw/WHU_Mix_cities/kitsap/image/kitsap_2090.tif,data/raw/WHU_Mix_cities/kitsap/label/kitsap_2090.tif
test,kitsap,whu_mix,kitsap_2092.tif,0,0,0,0,512,512,0.00000000,data/raw/WHU_Mix_cities/kitsap/image/kitsap_2092.tif,data/raw/WHU_Mix_cities/kitsap/label/kitsap_2092.tif
test,kitsap,whu_mix,kitsap_2097.tif,0,0,0,0,512,512,0.06377029,data/raw/WHU_Mix_cities/kitsap/image/kitsap_2097.tif,data/raw/WHU_Mix_cities/kitsap/label/kitsap_2097.tif
test,kitsap,whu_mix,kitsap_2098.tif,0,0,0,0,512,512,0.00000000,data/raw/WHU_Mix_cities/kitsap/image/kitsap_2098.tif,data/raw/WHU_Mix_cities/kitsap/label/kitsap_2098.tif
test,kitsap,whu_mix,kitsap_2138.tif,0,0,0,0,512,512,0.04764557,data/raw/WHU_Mix_cities/kitsap/image/kitsap_2138.tif,data/raw/WHU_Mix_cities/kitsap/label/kitsap_2138.tif
test,kitsap,whu_mix,kitsap_2164.tif,0,0,0,0,512,512,0.03499603,data/raw/WHU_Mix_cities/kitsap/image/kitsap_2164.tif,data/raw/WHU_Mix_cities/kitsap/label/kitsap_2164.tif
test,kitsap,whu_mix,kitsap_221.tif,0,0,0,0,512,512,0.00000000,data/raw/WHU_Mix_cities/kitsap/image/kitsap_221.tif,data/raw/WHU_Mix_cities/kitsap/label/kitsap_221.tif
test,kitsap,whu_mix,kitsap_2231.tif,0,0,0,0,512,512,0.00000000,data/raw/WHU_Mix_cities/kitsap/image/kitsap_2231.tif,data/raw/WHU_Mix_cities/kitsap/label/kitsap_2231.tif
test,kitsap,whu_mix,kitsap_2266.tif,0,0,0,0,512,512,0.07561493,data/raw/WHU_Mix_cities/kitsap/image/kitsap_2266.tif,data/raw/WHU_Mix_cities/kitsap/label/kitsap_2266.tif
test,kitsap,whu_mix,kitsap_227.tif,0,0,0,0,512,512,0.10219955,data/raw/WHU_Mix_cities/kitsap/image/kitsap_227.tif,data/raw/WHU_Mix_cities/kitsap/label/kitsap_227.tif
test,kitsap,whu_mix,kitsap_2270.tif,0,0,0,0,512,512,0.00000000,data/raw/WHU_Mix_cities/kitsap/image/kitsap_2270.tif,data/raw/WHU_Mix_cities/kitsap/label/kitsap_2270.tif
test,kitsap,whu_mix,kitsap_2292.tif,0,0,0,0,512,512,0.01557159,data/raw/WHU_Mix_cities/kitsap/image/kitsap_2292.tif,data/raw/WHU_Mix_cities/kitsap/label/kitsap_2292.tif
test,kitsap,whu_mix,kitsap_230.tif,0,0,0,0,512,512,0.00000000,data/raw/WHU_Mix_cities/kitsap/image/kitsap_230.tif,data/raw/WHU_Mix_cities/kitsap/label/kitsap_230.tif
test,kitsap,whu_mix,kitsap_2300.tif,0,0,0,0,512,512,0.02860260,data/raw/WHU_Mix_cities/kitsap/image/kitsap_2300.tif,data/raw/WHU_Mix_cities/kitsap/label/kitsap_2300.tif
test,kitsap,whu_mix,kitsap_234.tif,0,0,0,0,512,512,0.08370209,data/raw/WHU_Mix_cities/kitsap/image/kitsap_234.tif,data/raw/WHU_Mix_cities/kitsap/label/kitsap_234.tif
test,kitsap,whu_mix,kitsap_2345.tif,0,0,0,0,512,512,0.02608490,data/raw/WHU_Mix_cities/kitsap/image/kitsap_2345.tif,data/raw/WHU_Mix_cities/kitsap/label/kitsap_2345.tif
test,kitsap,whu_mix,kitsap_2349.tif,0,0,0,0,512,512,0.18352509,data/raw/WHU_Mix_cities/kitsap/image/kitsap_2349.tif,data/raw/WHU_Mix_cities/kitsap/label/kitsap_2349.tif
test,kitsap,whu_mix,kitsap_236.tif,0,0,0,0,512,512,0.07058334,data/raw/WHU_Mix_cities/kitsap/image/kitsap_236.tif,data/raw/WHU_Mix_cities/kitsap/label/kitsap_236.tif
test,kitsap,whu_mix,kitsap_2365.tif,0,0,0,0,512,512,0.00064850,data/raw/WHU_Mix_cities/kitsap/image/kitsap_2365.tif,data/raw/WHU_Mix_cities/kitsap/label/kitsap_2365.tif
test,kitsap,whu_mix,kitsap_2383.tif,0,0,0,0,512,512,0.00000000,data/raw/WHU_Mix_cities/kitsap/image/kitsap_2383.tif,data/raw/WHU_Mix_cities/kitsap/label/kitsap_2383.tif
test,kitsap,whu_mix,kitsap_2398.tif,0,0,0,0,512,512,0.08378220,data/raw/WHU_Mix_cities/kitsap/image/kitsap_2398.tif,data/raw/WHU_Mix_cities/kitsap/label/kitsap_2398.tif
test,kitsap,whu_mix,kitsap_2409.tif,0,0,0,0,512,512,0.56158447,data/raw/WHU_Mix_cities/kitsap/image/kitsap_2409.tif,data/raw/WHU_Mix_cities/kitsap/label/kitsap_2409.tif
test,kitsap,whu_mix,kitsap_2414.tif,0,0,0,0,512,512,0.12865829,data/raw/WHU_Mix_cities/kitsap/image/kitsap_2414.tif,data/raw/WHU_Mix_cities/kitsap/label/kitsap_2414.tif
test,kitsap,whu_mix,kitsap_2424.tif,0,0,0,0,512,512,0.21408463,data/raw/WHU_Mix_cities/kitsap/image/kitsap_2424.tif,data/raw/WHU_Mix_cities/kitsap/label/kitsap_2424.tif
test,kitsap,whu_mix,kitsap_2433.tif,0,0,0,0,512,512,0.09317780,data/raw/WHU_Mix_cities/kitsap/image/kitsap_2433.tif,data/raw/WHU_Mix_cities/kitsap/label/kitsap_2433.tif
test,kitsap,whu_mix,kitsap_2468.tif,0,0,0,0,512,512,0.00000000,data/raw/WHU_Mix_cities/kitsap/image/kitsap_2468.tif,data/raw/WHU_Mix_cities/kitsap/label/kitsap_2468.tif
test,kitsap,whu_mix,kitsap_2500.tif,0,0,0,0,512,512,0.18502426,data/raw/WHU_Mix_cities/kitsap/image/kitsap_2500.tif,data/raw/WHU_Mix_cities/kitsap/label/kitsap_2500.tif
test,kitsap,whu_mix,kitsap_2506.tif,0,0,0,0,512,512,0.12144470,data/raw/WHU_Mix_cities/kitsap/image/kitsap_2506.tif,data/raw/WHU_Mix_cities/kitsap/label/kitsap_2506.tif
test,kitsap,whu_mix,kitsap_252.tif,0,0,0,0,512,512,0.07527924,data/raw/WHU_Mix_cities/kitsap/image/kitsap_252.tif,data/raw/WHU_Mix_cities/kitsap/label/kitsap_252.tif
test,kitsap,whu_mix,kitsap_2537.tif,0,0,0,0,512,512,0.22255325,data/raw/WHU_Mix_cities/kitsap/image/kitsap_2537.tif,data/raw/WHU_Mix_cities/kitsap/label/kitsap_2537.tif
test,kitsap,whu_mix,kitsap_263.tif,0,0,0,0,512,512,0.04601669,data/raw/WHU_Mix_cities/kitsap/image/kitsap_263.tif,data/raw/WHU_Mix_cities/kitsap/label/kitsap_263.tif
test,kitsap,whu_mix,kitsap_2699.tif,0,0,0,0,512,512,0.00161362,data/raw/WHU_Mix_cities/kitsap/image/kitsap_2699.tif,data/raw/WHU_Mix_cities/kitsap/label/kitsap_2699.tif
test,kitsap,whu_mix,kitsap_2723.tif,0,0,0,0,512,512,0.04951096,data/raw/WHU_Mix_cities/kitsap/image/kitsap_2723.tif,data/raw/WHU_Mix_cities/kitsap/label/kitsap_2723.tif
test,kitsap,whu_mix,kitsap_275.tif,0,0,0,0,512,512,0.06076813,data/raw/WHU_Mix_cities/kitsap/image/kitsap_275.tif,data/raw/WHU_Mix_cities/kitsap/label/kitsap_275.tif
test,kitsap,whu_mix,kitsap_2750.tif,0,0,0,0,512,512,0.06264877,data/raw/WHU_Mix_cities/kitsap/image/kitsap_2750.tif,data/raw/WHU_Mix_cities/kitsap/label/kitsap_2750.tif
test,kitsap,whu_mix,kitsap_2764.tif,0,0,0,0,512,512,0.01604462,data/raw/WHU_Mix_cities/kitsap/image/kitsap_2764.tif,data/raw/WHU_Mix_cities/kitsap/label/kitsap_2764.tif
test,kitsap,whu_mix,kitsap_2766.tif,0,0,0,0,512,512,0.03472137,data/raw/WHU_Mix_cities/kitsap/image/kitsap_2766.tif,data/raw/WHU_Mix_cities/kitsap/label/kitsap_2766.tif
test,kitsap,whu_mix,kitsap_2769.tif,0,0,0,0,512,512,0.03895569,data/raw/WHU_Mix_cities/kitsap/image/kitsap_2769.tif,data/raw/WHU_Mix_cities/kitsap/label/kitsap_2769.tif
test,kitsap,whu_mix,kitsap_2773.tif,0,0,0,0,512,512,0.04568100,data/raw/WHU_Mix_cities/kitsap/image/kitsap_2773.tif,data/raw/WHU_Mix_cities/kitsap/label/kitsap_2773.tif
test,kitsap,whu_mix,kitsap_2774.tif,0,0,0,0,512,512,0.00000000,data/raw/WHU_Mix_cities/kitsap/image/kitsap_2774.tif,data/raw/WHU_Mix_cities/kitsap/label/kitsap_2774.tif
test,kitsap,whu_mix,kitsap_2775.tif,0,0,0,0,512,512,0.02251816,data/raw/WHU_Mix_cities/kitsap/image/kitsap_2775.tif,data/raw/WHU_Mix_cities/kitsap/label/kitsap_2775.tif
test,kitsap,whu_mix,kitsap_2783.tif,0,0,0,0,512,512,0.00000000,data/raw/WHU_Mix_cities/kitsap/image/kitsap_2783.tif,data/raw/WHU_Mix_cities/kitsap/label/kitsap_2783.tif
test,kitsap,whu_mix,kitsap_2786.tif,0,0,0,0,512,512,0.02858353,data/raw/WHU_Mix_cities/kitsap/image/kitsap_2786.tif,data/raw/WHU_Mix_cities/kitsap/label/kitsap_2786.tif
test,kitsap,whu_mix,kitsap_2798.tif,0,0,0,0,512,512,0.03742981,data/raw/WHU_Mix_cities/kitsap/image/kitsap_2798.tif,data/raw/WHU_Mix_cities/kitsap/label/kitsap_2798.tif
test,kitsap,whu_mix,kitsap_2818.tif,0,0,0,0,512,512,0.00000000,data/raw/WHU_Mix_cities/kitsap/image/kitsap_2818.tif,data/raw/WHU_Mix_cities/kitsap/label/kitsap_2818.tif
test,kitsap,whu_mix,kitsap_2820.tif,0,0,0,0,512,512,0.09293365,data/raw/WHU_Mix_cities/kitsap/image/kitsap_2820.tif,data/raw/WHU_Mix_cities/kitsap/label/kitsap_2820.tif
test,kitsap,whu_mix,kitsap_2842.tif,0,0,0,0,512,512,0.06414795,data/raw/WHU_Mix_cities/kitsap/image/kitsap_2842.tif,data/raw/WHU_Mix_cities/kitsap/label/kitsap_2842.tif
test,kitsap,whu_mix,kitsap_2871.tif,0,0,0,0,512,512,0.06667328,data/raw/WHU_Mix_cities/kitsap/image/kitsap_2871.tif,data/raw/WHU_Mix_cities/kitsap/label/kitsap_2871.tif
test,kitsap,whu_mix,kitsap_2895.tif,0,0,0,0,512,512,0.05805206,data/raw/WHU_Mix_cities/kitsap/image/kitsap_2895.tif,data/raw/WHU_Mix_cities/kitsap/label/kitsap_2895.tif
test,kitsap,whu_mix,kitsap_2897.tif,0,0,0,0,512,512,0.03908539,data/raw/WHU_Mix_cities/kitsap/image/kitsap_2897.tif,data/raw/WHU_Mix_cities/kitsap/label/kitsap_2897.tif
test,kitsap,whu_mix,kitsap_290.tif,0,0,0,0,512,512,0.00000000,data/raw/WHU_Mix_cities/kitsap/image/kitsap_290.tif,data/raw/WHU_Mix_cities/kitsap/label/kitsap_290.tif
test,kitsap,whu_mix,kitsap_2906.tif,0,0,0,0,512,512,0.20036316,data/raw/WHU_Mix_cities/kitsap/image/kitsap_2906.tif,data/raw/WHU_Mix_cities/kitsap/label/kitsap_2906.tif
test,kitsap,whu_mix,kitsap_291.tif,0,0,0,0,512,512,0.00000000,data/raw/WHU_Mix_cities/kitsap/image/kitsap_291.tif,data/raw/WHU_Mix_cities/kitsap/label/kitsap_291.tif
test,kitsap,whu_mix,kitsap_2914.tif,0,0,0,0,512,512,0.07924271,data/raw/WHU_Mix_cities/kitsap/image/kitsap_2914.tif,data/raw/WHU_Mix_cities/kitsap/label/kitsap_2914.tif
test,kitsap,whu_mix,kitsap_2919.tif,0,0,0,0,512,512,0.10332870,data/raw/WHU_Mix_cities/kitsap/image/kitsap_2919.tif,data/raw/WHU_Mix_cities/kitsap/label/kitsap_2919.tif
test,kitsap,whu_mix,kitsap_2943.tif,0,0,0,0,512,512,0.05168533,data/raw/WHU_Mix_cities/kitsap/image/kitsap_2943.tif,data/raw/WHU_Mix_cities/kitsap/label/kitsap_2943.tif
test,kitsap,whu_mix,kitsap_2955.tif,0,0,0,0,512,512,0.17288589,data/raw/WHU_Mix_cities/kitsap/image/kitsap_2955.tif,data/raw/WHU_Mix_cities/kitsap/label/kitsap_2955.tif
test,kitsap,whu_mix,kitsap_2958.tif,0,0,0,0,512,512,0.07858658,data/raw/WHU_Mix_cities/kitsap/image/kitsap_2958.tif,data/raw/WHU_Mix_cities/kitsap/label/kitsap_2958.tif
test,kitsap,whu_mix,kitsap_2962.tif,0,0,0,0,512,512,0.11182022,data/raw/WHU_Mix_cities/kitsap/image/kitsap_2962.tif,data/raw/WHU_Mix_cities/kitsap/label/kitsap_2962.tif
test,kitsap,whu_mix,kitsap_2979.tif,0,0,0,0,512,512,0.04276276,data/raw/WHU_Mix_cities/kitsap/image/kitsap_2979.tif,data/raw/WHU_Mix_cities/kitsap/label/kitsap_2979.tif
test,kitsap,whu_mix,kitsap_2992.tif,0,0,0,0,512,512,0.08347321,data/raw/WHU_Mix_cities/kitsap/image/kitsap_2992.tif,data/raw/WHU_Mix_cities/kitsap/label/kitsap_2992.tif
test,kitsap,whu_mix,kitsap_3003.tif,0,0,0,0,512,512,0.00000000,data/raw/WHU_Mix_cities/kitsap/image/kitsap_3003.tif,data/raw/WHU_Mix_cities/kitsap/label/kitsap_3003.tif
test,kitsap,whu_mix,kitsap_3006.tif,0,0,0,0,512,512,0.00000000,data/raw/WHU_Mix_cities/kitsap/image/kitsap_3006.tif,data/raw/WHU_Mix_cities/kitsap/label/kitsap_3006.tif
test,kitsap,whu_mix,kitsap_3019.tif,0,0,0,0,512,512,0.13130188,data/raw/WHU_Mix_cities/kitsap/image/kitsap_3019.tif,data/raw/WHU_Mix_cities/kitsap/label/kitsap_3019.tif
test,kitsap,whu_mix,kitsap_3045.tif,0,0,0,0,512,512,0.09970093,data/raw/WHU_Mix_cities/kitsap/image/kitsap_3045.tif,data/raw/WHU_Mix_cities/kitsap/label/kitsap_3045.tif
test,kitsap,whu_mix,kitsap_3047.tif,0,0,0,0,512,512,0.15761566,data/raw/WHU_Mix_cities/kitsap/image/kitsap_3047.tif,data/raw/WHU_Mix_cities/kitsap/label/kitsap_3047.tif
test,kitsap,whu_mix,kitsap_3051.tif,0,0,0,0,512,512,0.12078094,data/raw/WHU_Mix_cities/kitsap/image/kitsap_3051.tif,data/raw/WHU_Mix_cities/kitsap/label/kitsap_3051.tif
test,kitsap,whu_mix,kitsap_3052.tif,0,0,0,0,512,512,0.10391617,data/raw/WHU_Mix_cities/kitsap/image/kitsap_3052.tif,data/raw/WHU_Mix_cities/kitsap/label/kitsap_3052.tif
test,kitsap,whu_mix,kitsap_3068.tif,0,0,0,0,512,512,0.16545105,data/raw/WHU_Mix_cities/kitsap/image/kitsap_3068.tif,data/raw/WHU_Mix_cities/kitsap/label/kitsap_3068.tif
test,kitsap,whu_mix,kitsap_3069.tif,0,0,0,0,512,512,0.15081787,data/raw/WHU_Mix_cities/kitsap/image/kitsap_3069.tif,data/raw/WHU_Mix_cities/kitsap/label/kitsap_3069.tif
test,kitsap,whu_mix,kitsap_3080.tif,0,0,0,0,512,512,0.04994202,data/raw/WHU_Mix_cities/kitsap/image/kitsap_3080.tif,data/raw/WHU_Mix_cities/kitsap/label/kitsap_3080.tif
test,kitsap,whu_mix,kitsap_3110.tif,0,0,0,0,512,512,0.01414108,data/raw/WHU_Mix_cities/kitsap/image/kitsap_3110.tif,data/raw/WHU_Mix_cities/kitsap/label/kitsap_3110.tif
test,kitsap,whu_mix,kitsap_3131.tif,0,0,0,0,512,512,0.02355576,data/raw/WHU_Mix_cities/kitsap/image/kitsap_3131.tif,data/raw/WHU_Mix_cities/kitsap/label/kitsap_3131.tif
test,kitsap,whu_mix,kitsap_3132.tif,0,0,0,0,512,512,0.02353287,data/raw/WHU_Mix_cities/kitsap/image/kitsap_3132.tif,data/raw/WHU_Mix_cities/kitsap/label/kitsap_3132.tif
test,kitsap,whu_mix,kitsap_3143.tif,0,0,0,0,512,512,0.01979065,data/raw/WHU_Mix_cities/kitsap/image/kitsap_3143.tif,data/raw/WHU_Mix_cities/kitsap/label/kitsap_3143.tif
test,kitsap,whu_mix,kitsap_3162.tif,0,0,0,0,512,512,0.02392578,data/raw/WHU_Mix_cities/kitsap/image/kitsap_3162.tif,data/raw/WHU_Mix_cities/kitsap/label/kitsap_3162.tif
test,kitsap,whu_mix,kitsap_3163.tif,0,0,0,0,512,512,0.02156830,data/raw/WHU_Mix_cities/kitsap/image/kitsap_3163.tif,data/raw/WHU_Mix_cities/kitsap/label/kitsap_3163.tif
test,kitsap,whu_mix,kitsap_3171.tif,0,0,0,0,512,512,0.02152252,data/raw/WHU_Mix_cities/kitsap/image/kitsap_3171.tif,data/raw/WHU_Mix_cities/kitsap/label/kitsap_3171.tif
test,kitsap,whu_mix,kitsap_318.tif,0,0,0,0,512,512,0.00000000,data/raw/WHU_Mix_cities/kitsap/image/kitsap_318.tif,data/raw/WHU_Mix_cities/kitsap/label/kitsap_318.tif
test,kitsap,whu_mix,kitsap_3184.tif,0,0,0,0,512,512,0.05322647,data/raw/WHU_Mix_cities/kitsap/image/kitsap_3184.tif,data/raw/WHU_Mix_cities/kitsap/label/kitsap_3184.tif
test,kitsap,whu_mix,kitsap_3207.tif,0,0,0,0,512,512,0.00313568,data/raw/WHU_Mix_cities/kitsap/image/kitsap_3207.tif,data/raw/WHU_Mix_cities/kitsap/label/kitsap_3207.tif
test,kitsap,whu_mix,kitsap_3221.tif,0,0,0,0,512,512,0.05804825,data/raw/WHU_Mix_cities/kitsap/image/kitsap_3221.tif,data/raw/WHU_Mix_cities/kitsap/label/kitsap_3221.tif
test,kitsap,whu_mix,kitsap_3240.tif,0,0,0,0,512,512,0.08034134,data/raw/WHU_Mix_cities/kitsap/image/kitsap_3240.tif,data/raw/WHU_Mix_cities/kitsap/label/kitsap_3240.tif
test,kitsap,whu_mix,kitsap_3253.tif,0,0,0,0,512,512,0.08910751,data/raw/WHU_Mix_cities/kitsap/image/kitsap_3253.tif,data/raw/WHU_Mix_cities/kitsap/label/kitsap_3253.tif
test,kitsap,whu_mix,kitsap_3292.tif,0,0,0,0,512,512,0.01724243,data/raw/WHU_Mix_cities/kitsap/image/kitsap_3292.tif,data/raw/WHU_Mix_cities/kitsap/label/kitsap_3292.tif
test,kitsap,whu_mix,kitsap_3294.tif,0,0,0,0,512,512,0.01155853,data/raw/WHU_Mix_cities/kitsap/image/kitsap_3294.tif,data/raw/WHU_Mix_cities/kitsap/label/kitsap_3294.tif
test,kitsap,whu_mix,kitsap_3339.tif,0,0,0,0,512,512,0.00093842,data/raw/WHU_Mix_cities/kitsap/image/kitsap_3339.tif,data/raw/WHU_Mix_cities/kitsap/label/kitsap_3339.tif
test,kitsap,whu_mix,kitsap_3346.tif,0,0,0,0,512,512,0.00094223,data/raw/WHU_Mix_cities/kitsap/image/kitsap_3346.tif,data/raw/WHU_Mix_cities/kitsap/label/kitsap_3346.tif
test,kitsap,whu_mix,kitsap_3360.tif,0,0,0,0,512,512,0.00884628,data/raw/WHU_Mix_cities/kitsap/image/kitsap_3360.tif,data/raw/WHU_Mix_cities/kitsap/label/kitsap_3360.tif
test,kitsap,whu_mix,kitsap_3366.tif,0,0,0,0,512,512,0.06451416,data/raw/WHU_Mix_cities/kitsap/image/kitsap_3366.tif,data/raw/WHU_Mix_cities/kitsap/label/kitsap_3366.tif
test,kitsap,whu_mix,kitsap_3396.tif,0,0,0,0,512,512,0.01436234,data/raw/WHU_Mix_cities/kitsap/image/kitsap_3396.tif,data/raw/WHU_Mix_cities/kitsap/label/kitsap_3396.tif
test,kitsap,whu_mix,kitsap_3430.tif,0,0,0,0,512,512,0.02969742,data/raw/WHU_Mix_cities/kitsap/image/kitsap_3430.tif,data/raw/WHU_Mix_cities/kitsap/label/kitsap_3430.tif
test,kitsap,whu_mix,kitsap_3435.tif,0,0,0,0,512,512,0.00000000,data/raw/WHU_Mix_cities/kitsap/image/kitsap_3435.tif,data/raw/WHU_Mix_cities/kitsap/label/kitsap_3435.tif
test,kitsap,whu_mix,kitsap_3462.tif,0,0,0,0,512,512,0.00000000,data/raw/WHU_Mix_cities/kitsap/image/kitsap_3462.tif,data/raw/WHU_Mix_cities/kitsap/label/kitsap_3462.tif
test,kitsap,whu_mix,kitsap_3501.tif,0,0,0,0,512,512,0.19898224,data/raw/WHU_Mix_cities/kitsap/image/kitsap_3501.tif,data/raw/WHU_Mix_cities/kitsap/label/kitsap_3501.tif
test,kitsap,whu_mix,kitsap_3517.tif,0,0,0,0,512,512,0.18561172,data/raw/WHU_Mix_cities/kitsap/image/kitsap_3517.tif,data/raw/WHU_Mix_cities/kitsap/label/kitsap_3517.tif
test,kitsap,whu_mix,kitsap_3521.tif,0,0,0,0,512,512,0.23830795,data/raw/WHU_Mix_cities/kitsap/image/kitsap_3521.tif,data/raw/WHU_Mix_cities/kitsap/label/kitsap_3521.tif
test,kitsap,whu_mix,kitsap_3522.tif,0,0,0,0,512,512,0.14155579,data/raw/WHU_Mix_cities/kitsap/image/kitsap_3522.tif,data/raw/WHU_Mix_cities/kitsap/label/kitsap_3522.tif
test,kitsap,whu_mix,kitsap_3538.tif,0,0,0,0,512,512,0.00000000,data/raw/WHU_Mix_cities/kitsap/image/kitsap_3538.tif,data/raw/WHU_Mix_cities/kitsap/label/kitsap_3538.tif
test,kitsap,whu_mix,kitsap_3550.tif,0,0,0,0,512,512,0.16948700,data/raw/WHU_Mix_cities/kitsap/image/kitsap_3550.tif,data/raw/WHU_Mix_cities/kitsap/label/kitsap_3550.tif
test,kitsap,whu_mix,kitsap_3558.tif,0,0,0,0,512,512,0.00000000,data/raw/WHU_Mix_cities/kitsap/image/kitsap_3558.tif,data/raw/WHU_Mix_cities/kitsap/label/kitsap_3558.tif
test,kitsap,whu_mix,kitsap_3579.tif,0,0,0,0,512,512,0.00783920,data/raw/WHU_Mix_cities/kitsap/image/kitsap_3579.tif,data/raw/WHU_Mix_cities/kitsap/label/kitsap_3579.tif
test,kitsap,whu_mix,kitsap_3581.tif,0,0,0,0,512,512,0.04761124,data/raw/WHU_Mix_cities/kitsap/image/kitsap_3581.tif,data/raw/WHU_Mix_cities/kitsap/label/kitsap_3581.tif
test,kitsap,whu_mix,kitsap_406.tif,0,0,0,0,512,512,0.01272583,data/raw/WHU_Mix_cities/kitsap/image/kitsap_406.tif,data/raw/WHU_Mix_cities/kitsap/label/kitsap_406.tif
test,kitsap,whu_mix,kitsap_468.tif,0,0,0,0,512,512,0.00000000,data/raw/WHU_Mix_cities/kitsap/image/kitsap_468.tif,data/raw/WHU_Mix_cities/kitsap/label/kitsap_468.tif
test,kitsap,whu_mix,kitsap_507.tif,0,0,0,0,512,512,0.01841354,data/raw/WHU_Mix_cities/kitsap/image/kitsap_507.tif,data/raw/WHU_Mix_cities/kitsap/label/kitsap_507.tif
test,kitsap,whu_mix,kitsap_511.tif,0,0,0,0,512,512,0.01366425,data/raw/WHU_Mix_cities/kitsap/image/kitsap_511.tif,data/raw/WHU_Mix_cities/kitsap/label/kitsap_511.tif
test,kitsap,whu_mix,kitsap_538.tif,0,0,0,0,512,512,0.00223160,data/raw/WHU_Mix_cities/kitsap/image/kitsap_538.tif,data/raw/WHU_Mix_cities/kitsap/label/kitsap_538.tif
test,kitsap,whu_mix,kitsap_545.tif,0,0,0,0,512,512,0.01992035,data/raw/WHU_Mix_cities/kitsap/image/kitsap_545.tif,data/raw/WHU_Mix_cities/kitsap/label/kitsap_545.tif
test,kitsap,whu_mix,kitsap_55.tif,0,0,0,0,512,512,0.00000000,data/raw/WHU_Mix_cities/kitsap/image/kitsap_55.tif,data/raw/WHU_Mix_cities/kitsap/label/kitsap_55.tif
test,kitsap,whu_mix,kitsap_612.tif,0,0,0,0,512,512,0.00000000,data/raw/WHU_Mix_cities/kitsap/image/kitsap_612.tif,data/raw/WHU_Mix_cities/kitsap/label/kitsap_612.tif
test,kitsap,whu_mix,kitsap_669.tif,0,0,0,0,512,512,0.01876068,data/raw/WHU_Mix_cities/kitsap/image/kitsap_669.tif,data/raw/WHU_Mix_cities/kitsap/label/kitsap_669.tif
test,kitsap,whu_mix,kitsap_706.tif,0,0,0,0,512,512,0.01129150,data/raw/WHU_Mix_cities/kitsap/image/kitsap_706.tif,data/raw/WHU_Mix_cities/kitsap/label/kitsap_706.tif
test,kitsap,whu_mix,kitsap_731.tif,0,0,0,0,512,512,0.14468384,data/raw/WHU_Mix_cities/kitsap/image/kitsap_731.tif,data/raw/WHU_Mix_cities/kitsap/label/kitsap_731.tif
test,kitsap,whu_mix,kitsap_735.tif,0,0,0,0,512,512,0.00000000,data/raw/WHU_Mix_cities/kitsap/image/kitsap_735.tif,data/raw/WHU_Mix_cities/kitsap/label/kitsap_735.tif
test,kitsap,whu_mix,kitsap_736.tif,0,0,0,0,512,512,0.00000000,data/raw/WHU_Mix_cities/kitsap/image/kitsap_736.tif,data/raw/WHU_Mix_cities/kitsap/label/kitsap_736.tif
test,kitsap,whu_mix,kitsap_750.tif,0,0,0,0,512,512,0.12044144,data/raw/WHU_Mix_cities/kitsap/image/kitsap_750.tif,data/raw/WHU_Mix_cities/kitsap/label/kitsap_750.tif
test,kitsap,whu_mix,kitsap_763.tif,0,0,0,0,512,512,0.00000000,data/raw/WHU_Mix_cities/kitsap/image/kitsap_763.tif,data/raw/WHU_Mix_cities/kitsap/label/kitsap_763.tif
test,kitsap,whu_mix,kitsap_770.tif,0,0,0,0,512,512,0.00000000,data/raw/WHU_Mix_cities/kitsap/image/kitsap_770.tif,data/raw/WHU_Mix_cities/kitsap/label/kitsap_770.tif
test,kitsap,whu_mix,kitsap_806.tif,0,0,0,0,512,512,0.01375198,data/raw/WHU_Mix_cities/kitsap/image/kitsap_806.tif,data/raw/WHU_Mix_cities/kitsap/label/kitsap_806.tif
test,kitsap,whu_mix,kitsap_823.tif,0,0,0,0,512,512,0.09462357,data/raw/WHU_Mix_cities/kitsap/image/kitsap_823.tif,data/raw/WHU_Mix_cities/kitsap/label/kitsap_823.tif
test,kitsap,whu_mix,kitsap_860.tif,0,0,0,0,512,512,0.00319672,data/raw/WHU_Mix_cities/kitsap/image/kitsap_860.tif,data/raw/WHU_Mix_cities/kitsap/label/kitsap_860.tif
test,kitsap,whu_mix,kitsap_864.tif,0,0,0,0,512,512,0.00000000,data/raw/WHU_Mix_cities/kitsap/image/kitsap_864.tif,data/raw/WHU_Mix_cities/kitsap/label/kitsap_864.tif
test,kitsap,whu_mix,kitsap_865.tif,0,0,0,0,512,512,0.00000000,data/raw/WHU_Mix_cities/kitsap/image/kitsap_865.tif,data/raw/WHU_Mix_cities/kitsap/label/kitsap_865.tif
test,kitsap,whu_mix,kitsap_868.tif,0,0,0,0,512,512,0.00277328,data/raw/WHU_Mix_cities/kitsap/image/kitsap_868.tif,data/raw/WHU_Mix_cities/kitsap/label/kitsap_868.tif
test,kitsap,whu_mix,kitsap_873.tif,0,0,0,0,512,512,0.00000000,data/raw/WHU_Mix_cities/kitsap/image/kitsap_873.tif,data/raw/WHU_Mix_cities/kitsap/label/kitsap_873.tif
test,kitsap,whu_mix,kitsap_91.tif,0,0,0,0,512,512,0.00000000,data/raw/WHU_Mix_cities/kitsap/image/kitsap_91.tif,data/raw/WHU_Mix_cities/kitsap/label/kitsap_91.tif
test,kitsap,whu_mix,kitsap_933.tif,0,0,0,0,512,512,0.00358582,data/raw/WHU_Mix_cities/kitsap/image/kitsap_933.tif,data/raw/WHU_Mix_cities/kitsap/label/kitsap_933.tif
test,kitsap,whu_mix,kitsap_934.tif,0,0,0,0,512,512,0.04552078,data/raw/WHU_Mix_cities/kitsap/image/kitsap_934.tif,data/raw/WHU_Mix_cities/kitsap/label/kitsap_934.tif
test,kitsap,whu_mix,kitsap_936.tif,0,0,0,0,512,512,0.00000000,data/raw/WHU_Mix_cities/kitsap/image/kitsap_936.tif,data/raw/WHU_Mix_cities/kitsap/label/kitsap_936.tif
test,kitsap,whu_mix,kitsap_937.tif,0,0,0,0,512,512,0.02931595,data/raw/WHU_Mix_cities/kitsap/image/kitsap_937.tif,data/raw/WHU_Mix_cities/kitsap/label/kitsap_937.tif
test,kitsap,whu_mix,kitsap_960.tif,0,0,0,0,512,512,0.00000000,data/raw/WHU_Mix_cities/kitsap/image/kitsap_960.tif,data/raw/WHU_Mix_cities/kitsap/label/kitsap_960.tif
test,kitsap,whu_mix,kitsap_961.tif,0,0,0,0,512,512,0.00000000,data/raw/WHU_Mix_cities/kitsap/image/kitsap_961.tif,data/raw/WHU_Mix_cities/kitsap/label/kitsap_961.tif
test,kitsap,whu_mix,kitsap_970.tif,0,0,0,0,512,512,0.00000000,data/raw/WHU_Mix_cities/kitsap/image/kitsap_970.tif,data/raw/WHU_Mix_cities/kitsap/label/kitsap_970.tif
test,kitsap,whu_mix,kitsap_983.tif,0,0,0,0,512,512,0.03929138,data/raw/WHU_Mix_cities/kitsap/image/kitsap_983.tif,data/raw/WHU_Mix_cities/kitsap/label/kitsap_983.tif
